{
    "rmse": 0.6790016688852789,
    "mae": 0.5298572722986684,
    "r2": 0.25330320964623265
}